{
  "project_info": {
    "project_number": "845913912154",
    "firebase_url": "https://navigateyourmark-default-rtdb.firebaseio.com",
    "project_id": "navigateyourmark",
    "storage_bucket": "navigateyourmark.appspot.com"
  },
  "client": [
    {
      "client_info": {
        "mobilesdk_app_id": "1:845913912154:android:8044866927c1995a7bb963",
        "android_client_info": {
          "package_name": "com.varsitycollege.navigateyourmark"
        }
      },
      "oauth_client": [
        {
          "client_id": "845913912154-ffus55785d7t910bdhmb2reurp29jgbc.apps.googleusercontent.com",
          "client_type": 3
        }
      ],
      "api_key": [
        {
          "current_key": "AIzaSyBflS6MoIo4cm_YG2WEAYNO3yckg4YGR1M"
        }
      ],
      "services": {
        "appinvite_service": {
          "other_platform_oauth_client": [
            {
              "client_id": "845913912154-ffus55785d7t910bdhmb2reurp29jgbc.apps.googleusercontent.com",
              "client_type": 3
            }
          ]
        }
      }
    },
    {
      "client_info": {
        "mobilesdk_app_id": "1:845913912154:android:8793496b67f8f2ac7bb963",
        "android_client_info": {
          "package_name": "za.ac.opsc.settingspagedemo"
        }
      },
      "oauth_client": [
        {
          "client_id": "845913912154-ffus55785d7t910bdhmb2reurp29jgbc.apps.googleusercontent.com",
          "client_type": 3
        }
      ],
      "api_key": [
        {
          "current_key": "AIzaSyBflS6MoIo4cm_YG2WEAYNO3yckg4YGR1M"
        }
      ],
      "services": {
        "appinvite_service": {
          "other_platform_oauth_client": [
            {
              "client_id": "845913912154-ffus55785d7t910bdhmb2reurp29jgbc.apps.googleusercontent.com",
              "client_type": 3
            }
          ]
        }
      }
    }
  ],
  "configuration_version": "1"
}